symbol,date,move,next_vs_before
BIRLACOT,2013-07-04,0.5,1.0
BIRLACOT,2013-07-09,0.5,1.0
BIRLACOT,2013-07-19,1.5,1.0
BIRLACOT,2013-08-19,0.5,1.0
BIRLACOT,2013-08-26,1.5,1.0
BIRLACOT,2013-09-04,0.5,1.0
BIRLACOT,2013-09-06,0.5,1.0
BIRLACOT,2013-09-12,0.5,1.0
BIRLACOT,2013-09-23,1.5,1.0
BIRLACOT,2014-03-12,2.0,1.0
BIRLACOT,2014-03-19,0.5,1.0
BIRLACOT,2014-03-26,0.5,1.0
BIRLACOT,2014-03-28,0.5,1.0
BIRLACOT,2014-09-23,1.5,1.0
BIRLACOT,2014-10-13,1.5,1.0
BIRLACOT,2014-10-20,1.5,1.0
BIRLACOT,2014-11-12,1.5,1.0
BIRLACOT,2014-11-14,1.5,1.0
BIRLACOT,2014-11-24,1.5,1.0
BIRLACOT,2015-02-18,0.5,1.0
BIRLACOT,2015-02-23,0.5,1.0
BIRLACOT,2015-02-27,0.5,1.0
BIRLACOT,2015-03-03,0.5,1.0
BIRLACOT,2015-03-11,0.5,1.0
BIRLACOT,2015-03-13,0.5,1.0
BIRLACOT,2015-03-20,2.0,1.0
BIRLACOT,2015-03-24,2.0,1.0
BIRLACOT,2015-04-10,1.5,1.0
BIRLACOT,2015-05-04,1.5,1.0
BIRLACOT,2015-05-06,1.5,1.0
BIRLACOT,2015-05-27,1.5,1.0
BIRLACOT,2015-06-04,1.5,1.0
BIRLACOT,2015-06-09,1.5,1.0
BIRLACOT,2015-06-19,0.5,1.0
BIRLACOT,2015-06-24,0.5,1.0
BIRLACOT,2015-07-02,0.5,1.0
BIRLACOT,2015-07-06,0.5,1.0
BIRLACOT,2015-07-16,2.0,1.0
BIRLACOT,2015-07-22,2.0,1.0
BIRLACOT,2015-07-24,2.0,1.0
BIRLACOT,2015-07-30,2.0,1.0
BIRLACOT,2015-08-06,0.5,1.0
BIRLACOT,2015-08-10,0.5,1.0
BIRLACOT,2015-08-12,0.5,1.0
BIRLACOT,2015-11-13,2.0,1.0
BIRLACOT,2015-11-20,2.0,1.0
BIRLACOT,2016-05-12,2.0,1.0
BIRLACOT,2016-05-18,2.0,1.0
BIRLACOT,2016-05-20,2.0,1.0
BIRLACOT,2016-05-26,2.0,1.0
BIRLACOT,2016-06-01,0.5,1.0
BIRLACOT,2016-06-03,0.5,1.0
BIRLACOT,2016-06-08,0.5,1.0
BIRLACOT,2016-06-13,0.5,1.0
BIRLACOT,2016-06-30,0.5,1.0
BIRLACOT,2016-11-11,0.5,1.0
BIRLACOT,2016-11-17,0.5,1.0
BIRLACOT,2016-11-21,0.5,1.0
FARMAXIND,2016-06-07,1.5,1.0
FARMAXIND,2016-06-20,1.5,1.0
FARMAXIND,2016-06-28,1.5,1.0
FARMAXIND,2016-07-27,1.5,1.0
FARMAXIND,2016-08-10,1.5,1.0
FARMAXIND,2016-09-02,1.5,1.0
FARMAXIND,2016-09-23,1.5,1.0
FARMAXIND,2016-10-03,0.5,1.0
FARMAXIND,2016-12-07,1.5,1.0
FARMAXIND,2016-12-27,1.5,1.0
FARMAXIND,2017-01-12,1.5,1.0
FARMAXIND,2017-01-25,1.5,1.0
FARMAXIND,2017-02-23,1.5,1.0
KSERASERA,2017-08-08,1.5,1.0
KSERASERA,2017-08-11,1.5,1.0
KSERASERA,2017-08-21,1.5,1.0
KSERASERA,2017-10-10,1.5,1.0
KSERASERA,2019-01-18,1.5,1.0
KSERASERA,2019-05-30,1.5,1.0
KSERASERA,2019-07-30,1.5,1.0
KSERASERA,2020-03-23,0.5,1.0
KSERASERA,2020-03-26,0.5,1.0
KSERASERA,2020-04-09,0.5,1.0
MOTOGENFIN,2005-02-28,0.5206,1.0487
PCJEWELLER,2018-05-07,1.3756,1.1583
UVSL,2019-04-25,0.5,1.0
UVSL,2019-05-09,0.5,1.0
UVSL,2019-05-13,0.5,1.0
UVSL,2019-05-20,0.5,1.0
UVSL,2019-06-13,0.5,1.0
UVSL,2019-07-03,0.5,1.0
UVSL,2019-07-11,2.0,1.0
UVSL,2019-07-12,0.5,1.0
UVSL,2019-07-15,2.0,1.0
UVSL,2019-07-22,0.5,1.0
UVSL,2019-09-18,2.0,1.0
UVSL,2019-10-07,2.0,1.0
UVSL,2020-01-13,1.5,1.0
UVSL,2020-02-03,0.5,1.0
UVSL,2020-02-20,0.5,1.0
UVSL,2020-02-26,0.5,1.0
UVSL,2020-03-02,0.5,1.0
VISESHINFO,2014-12-19,1.5,1.0
VISESHINFO,2014-12-24,1.5,1.0
VISESHINFO,2014-12-29,1.5,1.0
VISESHINFO,2014-12-31,1.5,1.0
VISESHINFO,2015-01-06,1.5,1.0
VISESHINFO,2015-01-08,1.5,1.0
VISESHINFO,2015-01-13,1.5,1.0
VISESHINFO,2015-01-16,1.5,1.0
VISESHINFO,2015-03-25,1.5,1.0
VISESHINFO,2015-03-30,0.5,1.0
VISESHINFO,2015-04-06,1.5,1.0
VISESHINFO,2015-04-08,1.5,1.0
VISESHINFO,2015-05-22,1.5,1.0
VISESHINFO,2015-06-08,1.5,1.0
VISESHINFO,2015-06-18,1.5,1.0
VISESHINFO,2015-06-26,1.5,1.0
VISESHINFO,2015-07-09,1.5,1.0
VISESHINFO,2015-07-14,1.5,1.0
VISESHINFO,2015-07-28,0.5,1.0
VISESHINFO,2015-07-30,0.5,1.0
VISESHINFO,2015-08-03,1.5,1.0
VISESHINFO,2015-08-20,0.5,1.0
VISESHINFO,2015-09-08,2.0,1.0
VISESHINFO,2015-09-09,0.5,1.0
VISESHINFO,2015-09-28,0.5,1.0
VISESHINFO,2015-09-30,0.5,1.0
VISESHINFO,2015-10-07,0.5,1.0
VISESHINFO,2015-10-15,0.5,1.0
VISESHINFO,2015-10-21,0.5,1.0
VISESHINFO,2015-11-06,0.5,1.0
VISESHINFO,2015-11-11,0.5,1.0
VISESHINFO,2015-11-18,0.5,1.0
VISESHINFO,2015-12-22,0.5,1.0
VISESHINFO,2016-02-02,1.5,1.0
VISESHINFO,2016-03-10,0.5,1.0
VISESHINFO,2016-03-23,0.5,1.0
VISESHINFO,2016-03-29,0.5,1.0
VISESHINFO,2016-04-04,0.5,1.0
VISESHINFO,2016-04-06,0.5,1.0
VISESHINFO,2016-04-20,0.5,1.0
VISESHINFO,2016-04-26,0.5,1.0
VISESHINFO,2016-05-03,0.5,1.0
VISESHINFO,2016-06-07,0.5,1.0
VISESHINFO,2016-06-08,2.0,1.0
VISESHINFO,2016-06-10,2.0,1.0
VISESHINFO,2016-06-13,0.5,1.0
VISESHINFO,2016-06-14,2.0,1.0
VISESHINFO,2016-07-04,1.5,1.0
VISESHINFO,2016-07-07,1.5,1.0
VISESHINFO,2016-07-12,1.5,1.0
VISESHINFO,2016-07-15,1.5,1.0
VISESHINFO,2016-07-29,1.5,1.0
VISESHINFO,2016-09-14,0.5,1.0
VISESHINFO,2016-09-27,1.5,1.0
VISESHINFO,2018-06-11,1.5,1.0
VISESHINFO,2018-06-14,1.5,1.0
VISESHINFO,2018-06-20,1.5,1.0
VISESHINFO,2018-06-26,0.5,1.0
VISESHINFO,2018-07-09,0.5,1.0
VISESHINFO,2018-07-17,0.5,1.0
VISESHINFO,2018-07-19,0.5,1.0
VISESHINFO,2018-08-16,1.5,1.0
VISESHINFO,2018-09-04,0.5,1.0
VISESHINFO,2018-09-10,1.5,1.0
VISESHINFO,2018-09-19,0.5,1.0
VISESHINFO,2018-09-25,0.5,1.0
VISESHINFO,2018-10-17,0.5,1.0
VISESHINFO,2018-10-29,0.5,1.0
VISESHINFO,2018-11-06,0.5,1.0
VISESHINFO,2018-11-14,1.5,1.0
VISESHINFO,2018-11-29,0.5,1.0
VISESHINFO,2018-12-14,2.0,1.0
VISESHINFO,2018-12-20,2.0,1.0
VISESHINFO,2018-12-26,2.0,1.0
VISESHINFO,2018-12-27,0.5,1.0
VISESHINFO,2019-03-06,0.5,1.0
VISESHINFO,2019-07-01,0.5,1.0
VISESHINFO,2019-07-08,2.0,1.0
VISESHINFO,2019-07-25,2.0,1.0
VISESHINFO,2019-07-26,0.5,1.0
VISESHINFO,2019-07-29,2.0,1.0
VISESHINFO,2019-08-19,2.0,1.0
VKSPL,2015-08-21,1.5,1.0
VKSPL,2015-09-01,1.5,1.0
VKSPL,2015-10-26,1.5,1.0
VKSPL,2015-11-27,0.5,1.0
VKSPL,2015-12-15,1.5,1.0
VKSPL,2016-02-08,1.5,1.0
VKSPL,2016-05-06,1.5,1.0
VKSPL,2016-05-12,1.5,1.0
VKSPL,2016-05-17,0.5,1.0
VKSPL,2016-05-30,0.5,1.0
VKSPL,2016-07-11,0.5,1.0
VKSPL,2016-07-14,0.5,1.0
VKSPL,2016-10-05,0.5,1.0
VKSPL,2016-10-18,0.5,1.0
VKSPL,2016-10-26,0.5,1.0
VKSPL,2016-11-08,0.5,1.0
VKSPL,2016-11-15,1.5,1.0
VKSPL,2016-11-17,1.5,1.0
VKSPL,2016-12-09,1.5,1.0
VKSPL,2016-12-13,1.5,1.0
WINSOME,2019-10-10,1.5,1.0
