symbol,ex_date,factor,tier,evidence
3PLAND,2022-03-29,0.600000,T2,Kite moved 0.9806; ours 0.6048
AAKASH,2021-04-27,1.500000,T2,Kite moved 1.0000; ours 1.5104
ABSLBANETF,2021-11-25,0.100000,T2,Kite moved 0.9997; ours 0.0999
ABSLNN50ET,2021-11-25,0.100000,T2,Kite moved 1.0098; ours 0.1009
AHLUCONT,2013-08-30,0.600000,T2,Kite moved 0.9757; ours 0.5915
ALPL30IETF,2024-05-10,0.100000,T2,Kite moved 1.0142; ours 0.1014
ALPSINDUS,2006-09-22,0.500000,T1,NSE records SPLIT/BONUS factor 0.5; ours moved 0.5441
ANTGRAPHIC,2022-08-23,4.000000,T2,Kite moved 1.0526; ours 4.0000
ARFIN,2025-12-22,1.500000,T2,Kite moved 1.0136; ours 1.5066
ARROWGREEN,2022-12-06,2.000000,T2,Kite moved 1.0499; ours 2.0206
ARVEE,2024-09-30,0.600000,T2,Kite moved 1.0334; ours 0.5998
ASAHIINDIA,2005-09-01,0.500000,T2,Kite moved 0.9923; ours 0.4961
ASHOKA,2013-07-03,0.500000,T1,"NSE records SPLIT/BONUS factor 0.3333, partly applied; ours moved 0.5032"
ASIANTILES,2014-08-06,1.500000,T2,Kite moved 1.0180; ours 1.4941
ASMS,2024-01-31,4.000000,T2,Kite moved 1.0199; ours 4.0000
ATLASCYCLE,2025-01-03,0.250000,T2,Kite moved 1.0499; ours 0.2537
AURIONPRO,2023-08-16,1.500000,T2,Kite moved 0.9501; ours 1.5067
AUROPHARMA,2015-07-20,0.500000,T1,NSE records SPLIT/BONUS factor 0.5; ours moved 0.5087
AVANTIFEED,2018-06-26,0.600000,T1,"NSE records SPLIT/BONUS factor 0.3333, partly applied; ours moved 0.5750"
BAGFILMS,2013-03-01,0.600000,T2,Kite moved 0.9865; ours 0.5984
BAGFILMS,2025-03-25,0.600000,T2,Kite moved 0.9503; ours 0.6018
BAJFINANCE,2016-09-08,0.200000,T1,"NSE records SPLIT/BONUS factor 0.1, partly applied; ours moved 0.2041"
BANKBEES,2019-12-19,0.100000,T2,Kite moved 1.0025; ours 0.1002
BANKNIFTY1,2026-02-27,0.100000,T2,Kite moved 0.9905; ours 0.0991
BCLIND,2022-03-29,1.500000,T2,Kite moved 0.9680; ours 1.4826
BEARDSELL,2017-05-30,0.166667,T2,Kite moved 0.9755; ours 0.1647
BFUTILITIE,2014-03-03,1.666667,T2,Kite moved 0.9648; ours 1.6525
BLKASHYAP,2010-09-29,0.200000,T1,"NSE records SPLIT/BONUS factor 0.1, partly applied; ours moved 0.2096"
BPCL,2012-07-13,0.500000,T1,NSE records SPLIT/BONUS factor 0.5; ours moved 0.4921
BROOKS,2023-12-26,1.666667,T2,Kite moved 1.1997; ours 1.6874
BSLNIFTY,2021-11-25,0.100000,T2,Kite moved 1.0093; ours 0.1010
BSLSENETFG,2021-11-25,0.100000,T2,Kite moved 1.0090; ours 0.1009
CCL,2013-08-19,0.200000,T1,"NSE records SPLIT/BONUS factor 0.1, partly applied; ours moved 0.2027"
CENTENKA,2009-06-12,1.666667,T2,Kite moved 0.9341; ours 1.6518
CMC,2011-06-08,0.500000,T1,NSE records SPLIT/BONUS factor 0.5; ours moved 0.4928
COMPUSOFT,2022-03-29,0.600000,T2,Kite moved 0.9847; ours 0.6024
CONS,2026-02-27,0.100000,T2,Kite moved 0.9884; ours 0.0989
CPCAP,2025-05-23,0.500000,T2,Kite moved 0.9947; ours 0.4964
CYBERTECH,2006-02-17,0.500000,T2,Kite moved 1.0205; ours 0.5030
DALMIASUG,2014-06-30,1.666667,T2,Kite moved 1.0078; ours 1.6688
DBOL,2025-07-14,1.500000,T2,Kite moved 0.9811; ours 1.5125
DBREALTY,2019-04-02,0.600000,T2,Kite moved 1.0126; ours 0.6021
DBREALTY,2022-09-13,1.500000,T2,Kite moved 1.0497; ours 1.4823
DCMFINSERV,2022-05-09,0.600000,T2,Kite moved 1.0400; ours 0.6047
DEEPAKNTR,2014-06-20,0.200000,T1,"NSE records SPLIT/BONUS factor 0.1, partly applied; ours moved 0.2128"
DNAMEDIA,2020-03-04,0.500000,T2,Kite moved 1.0000; ours 0.5000
DWARKESH,2008-12-01,0.333333,T2,Kite moved 1.0455; ours 0.3287
DWARKESH,2017-08-10,0.100000,T1,NSE records SPLIT/BONUS factor 0.1; ours moved 0.0996
EDELWEISS,2010-08-10,0.200000,T1,"NSE records SPLIT/BONUS factor 0.1, partly applied; ours moved 0.2086"
EIMCOELECO,2023-09-11,1.500000,T2,Kite moved 1.0483; ours 1.5198
ELECTHERM,2014-03-03,1.500000,T2,Kite moved 1.0000; ours 1.4844
EMAMILTD,2010-07-21,0.500000,T1,NSE records SPLIT/BONUS factor 0.5; ours moved 0.4905
EMAMILTD,2013-06-26,0.666667,T1,NSE records SPLIT/BONUS factor 0.6667; ours moved 0.6468
EMAMILTD,2018-06-21,0.500000,T1,NSE records SPLIT/BONUS factor 0.5; ours moved 0.4939
EMAMIREAL,2020-03-04,0.500000,T2,Kite moved 0.9875; ours 0.4953
ENGINERSIN,2010-05-06,0.200000,T2,Kite moved 1.2001; ours 0.2000
EPACK,2024-12-31,1.500000,T2,Kite moved 1.0499; ours 1.4926
ESSARSHPNG,2025-04-01,0.333333,T2,Kite moved 1.0499; ours 0.3336
FEDERALBNK,2015-07-08,0.500000,T1,NSE records SPLIT/BONUS factor 0.5; ours moved 0.4902
FMCGIETF,2024-05-10,0.100000,T2,Kite moved 1.0144; ours 0.1014
FMGOETZE,2009-11-20,1.666667,T2,Kite moved 1.0111; ours 1.6529
GICRE,2018-07-12,0.500000,T1,NSE records SPLIT/BONUS factor 0.5; ours moved 0.4853
GKWLIMITED,2024-07-16,1.500000,T2,Kite moved 1.0272; ours 1.4974
GLOBE,2021-10-12,3.000000,T2,Kite moved 1.0200; ours 3.0248
GLOBUSSPR,2021-10-12,2.500000,T2,Kite moved 1.0103; ours 2.4892
GOACARBON,2019-12-10,0.600000,T2,Kite moved 0.9920; ours 0.6016
GOKUL,2019-04-02,0.600000,T2,Kite moved 1.0000; ours 0.5912
GPIL,2017-11-14,1.666667,T2,Kite moved 0.9881; ours 1.6592
GREAVESCOT,2010-11-24,0.200000,T1,NSE records SPLIT/BONUS factor 0.2; ours moved 0.2013
GROBTEA,2018-07-24,0.250000,T2,Kite moved 0.9663; ours 0.2470
GROWWGOLD,2026-02-06,0.100000,T2,Kite moved 0.9893; ours 0.0989
GULPOLY,2016-12-27,0.200000,T2,Kite moved 0.9976; ours 0.1996
HAVELLS,2005-08-04,0.500000,T2,Kite moved 1.0060; ours 0.5031
HBSL,2021-04-27,3.000000,T2,Kite moved 1.0215; ours 3.0273
HDFCLOWVOL,2023-10-20,0.100000,T2,Kite moved 0.9915; ours 0.0991
HDFCMID150,2023-10-20,0.100000,T2,Kite moved 0.9914; ours 0.0991
HDFCNEXT50,2023-10-20,0.100000,T2,Kite moved 0.9907; ours 0.0991
HDFCNIF100,2023-10-20,0.100000,T2,Kite moved 0.9960; ours 0.0996
HDFCNIFBAN,2024-02-02,0.100000,T2,Kite moved 0.9955; ours 0.0995
HDFCPVTBAN,2024-02-02,0.100000,T2,Kite moved 0.9941; ours 0.0994
HDFCSENSEX,2024-02-02,0.100000,T2,Kite moved 0.9987; ours 0.0999
HERCULES,2012-07-11,0.500000,T1,NSE records SPLIT/BONUS factor 0.5; ours moved 0.4950
HEXAWARE,2011-02-24,0.500000,T1,NSE records SPLIT/BONUS factor 0.5; ours moved 0.4523
HIMATSEIDE,2005-10-14,0.250000,T2,Kite moved 1.0009; ours 0.2502
HINDCOMPOS,2006-11-24,1.666667,T2,Kite moved 0.9749; ours 1.6423
HINDCOMPOS,2017-05-25,0.500000,T1,"NSE records SPLIT/BONUS factor 0.3333, partly applied; ours moved 0.5341"
HINDZINC,2011-03-07,0.200000,T1,"NSE records SPLIT/BONUS factor 0.1, partly applied; ours moved 0.1948"
HUBTOWN,2022-03-29,0.600000,T2,Kite moved 0.9894; ours 0.6013
IFBIND,2006-02-17,1.500000,T2,Kite moved 1.0315; ours 1.5216
INDIANHUME,2005-11-25,0.600000,T2,Kite moved 0.9971; ours 0.5964
INDOCO,2012-05-17,0.200000,T1,"NSE records SPLIT/BONUS factor 0.1333, partly applied; ours moved 0.2005"
INFY,2015-06-15,0.500000,T1,NSE records SPLIT/BONUS factor 0.5; ours moved 0.5015
IVC,2006-02-17,1.666667,T2,Kite moved 1.0501; ours 1.6912
IVZINNIFTY,2026-07-31,0.100000,T2,Kite moved 1.0069; ours 0.1007
JAIBALAJI,2021-04-27,2.000000,T2,Kite moved 1.0497; ours 1.9791
JPOLYINVST,2022-01-04,2.500000,T2,Kite moved 0.9688; ours 2.4981
JSWSTEEL,2017-01-04,0.100000,T2,Kite moved 0.9914; ours 0.0991
JYOTHYLAB,2012-07-12,0.500000,T1,NSE records SPLIT/BONUS factor 0.5; ours moved 0.5075
KARURVYSYA,2016-11-17,0.200000,T2,Kite moved 0.9984; ours 0.1997
KCP,2010-09-02,0.100000,T1,NSE records SPLIT/BONUS factor 0.1; ours moved 0.1016
KESORAMIND,2013-06-14,0.600000,T2,Kite moved 1.0189; ours 0.5966
KEYFINSERV,2025-01-13,0.600000,T2,Kite moved 0.9163; ours 0.5939
KILITCH,2024-01-01,1.666667,T2,Kite moved 0.9970; ours 1.6882
KOPRAN,2010-02-19,2.000000,T2,Kite moved 0.9819; ours 2.0261
KOTAKBANK,2015-07-08,0.500000,T1,NSE records SPLIT/BONUS factor 0.5; ours moved 0.4960
KTIL,2016-08-11,0.480769,T1,NSE records SPLIT/BONUS factor 0.4808; ours moved 0.5105
LEXUS,2026-05-19,0.500000,T2,Kite moved 1.0124; ours 0.4952
LGBBROSLTD,2014-07-04,0.500000,T1,NSE records SPLIT/BONUS factor 0.5; ours moved 0.5032
LOWVOLIETF,2024-03-01,0.100000,T2,Kite moved 1.0067; ours 0.1006
LPDC,2012-12-03,0.600000,T2,Kite moved 1.0000; ours 0.6056
M&M,2005-09-01,0.500000,T2,Kite moved 1.0050; ours 0.5025
MAANALU,2014-03-03,0.500000,T2,Kite moved 0.9583; ours 0.5027
MADHAV,2024-07-15,0.600000,T2,Kite moved 1.0239; ours 0.5946
MAITHANALL,2015-07-15,0.500000,T1,NSE records SPLIT/BONUS factor 0.5; ours moved 0.4977
MANAKSIA,2020-05-27,0.600000,T2,Kite moved 1.0131; ours 0.6002
MANGALAM,2008-12-01,0.400000,T2,Kite moved 1.0374; ours 0.4051
MANGALAM,2020-08-18,3.000000,T2,Kite moved 1.0499; ours 2.9922
MANINFRA,2014-08-28,0.200000,T1,NSE records SPLIT/BONUS factor 0.2; ours moved 0.1907
MARINE,2024-01-31,1.666667,T2,Kite moved 1.0498; ours 1.6811
MARKSANS,2008-02-29,3.000000,T2,Kite moved 0.9672; ours 2.9552
MASKINVEST,2025-08-04,1.500000,T2,Kite moved 1.0447; ours 1.5165
MAWANASUG,2009-06-12,1.500000,T2,Kite moved 0.9881; ours 1.5081
MAWANASUG,2021-10-12,1.500000,T2,Kite moved 1.0241; ours 1.5000
MBLINFRA,2015-07-28,0.500000,T1,NSE records SPLIT/BONUS factor 0.5; ours moved 0.4994
MCL,2022-06-21,0.600000,T2,Kite moved 1.0163; ours 0.6083
MGEL,2023-10-23,0.600000,T2,Kite moved 1.0486; ours 0.6081
MIDCAP,2026-02-27,0.100000,T2,Kite moved 0.9919; ours 0.0992
MIDCAPIETF,2024-05-10,0.100000,T2,Kite moved 1.0150; ours 0.1015
MIDQ50ADD,2026-07-03,0.100000,T2,Kite moved 0.9984; ours 0.0998
MIDSELIETF,2024-05-10,0.100000,T2,Kite moved 1.0098; ours 0.1010
MIRZAINT,2008-02-29,0.600000,T2,Kite moved 1.0000; ours 0.5979
MMTC,2010-07-29,0.125000,T1,"NSE records SPLIT/BONUS factor 0.05, partly applied; ours moved 0.1219"
MOLOWVOL,2022-08-11,0.200000,T2,Kite moved 1.0021; ours 0.2003
MOMOMENTUM,2022-08-11,0.200000,T2,Kite moved 1.0008; ours 0.2000
MON100,2021-06-17,0.100000,T2,Kite moved 0.9933; ours 0.0993
NAGREEKCAP,2008-02-29,0.400000,T2,Kite moved 0.9770; ours 0.3967
NAGREEKCAP,2008-08-22,0.600000,T2,Kite moved 1.0197; ours 0.6036
NATIONALUM,2011-03-15,0.500000,T1,"NSE records SPLIT/BONUS factor 0.25, partly applied; ours moved 0.4545"
NAUKRI,2012-06-22,0.500000,T1,NSE records SPLIT/BONUS factor 0.5; ours moved 0.5065
NELCO,2006-06-12,1.500000,T2,Kite moved 0.9785; ours 1.5126
NELCO,2009-06-12,1.666667,T2,Kite moved 0.9627; ours 1.6449
NIACL,2018-06-27,0.500000,T1,NSE records SPLIT/BONUS factor 0.5; ours moved 0.4924
NIF100IETF,2024-05-10,0.100000,T2,Kite moved 1.0100; ours 0.1010
NIFTYBEES,2019-12-19,0.100000,T2,Kite moved 1.0074; ours 0.1007
NILASPACES,2022-03-29,1.666667,T2,Kite moved 0.9737; ours 1.6818
NOIDATOLL,2019-12-10,0.600000,T2,Kite moved 0.9577; ours 0.5913
NV20,2026-02-27,0.100000,T2,Kite moved 0.9928; ours 0.0992
ONGC,2011-02-08,0.500000,T1,"NSE records SPLIT/BONUS factor 0.25, partly applied; ours moved 0.4722"
OPTIEMUS,2020-08-18,1.500000,T2,Kite moved 1.0500; ours 1.4813
ORBTEXP,2017-02-14,0.500000,T1,NSE records SPLIT/BONUS factor 0.5; ours moved 0.5112
ORBTEXP,2025-03-24,0.600000,T2,Kite moved 1.0278; ours 0.6080
ORIENTALTL,2024-12-31,0.500000,T2,Kite moved 1.0315; ours 0.4984
PATINTLOG,2021-10-28,0.600000,T2,Kite moved 0.9677; ours 0.5917
PENINLAND,2021-10-12,1.500000,T2,Kite moved 0.9569; ours 1.4969
PENINLAND,2022-03-29,0.600000,T2,Kite moved 0.9777; ours 0.5967
PGEL,2020-11-10,1.666667,T2,Kite moved 1.0435; ours 1.6468
PRIMESECU,2014-08-06,1.500000,T2,Kite moved 1.0484; ours 1.5116
PSUBNKBEES,2019-12-19,0.100000,T2,Kite moved 1.0025; ours 0.1003
PUNJABCHEM,2014-03-03,2.000000,T2,Kite moved 1.0208; ours 2.0031
PVP,2022-02-14,0.600000,T2,Kite moved 1.0472; ours 0.5936
QNIFTY,2026-02-13,0.100000,T2,Kite moved 0.9888; ours 0.0989
QUAL30IETF,2024-05-10,0.100000,T2,Kite moved 1.0074; ours 0.1007
QUINTEGRA,2013-11-29,0.500000,T2,Kite moved 0.8889; ours 0.5000
QUINTEGRA,2014-06-13,2.000000,T2,Kite moved 1.0526; ours 2.0000
RADAAN,2014-08-06,1.666667,T2,Kite moved 0.9615; ours 1.6667
RAJPALAYAM,2011-07-13,0.500000,T1,NSE records SPLIT/BONUS factor 0.5; ours moved 0.4960
RAJRATAN,2022-01-17,1.666667,T2,Kite moved 0.9804; ours 1.6851
RAJTV,2014-03-25,0.500000,T1,"NSE records SPLIT/BONUS factor 0.25, partly applied; ours moved 0.5278"
RAMASTEEL,2016-03-14,0.500000,T1,"NSE records SPLIT/BONUS factor 0.1, partly applied; ours moved 0.5066"
RASOYPR,2013-03-21,0.200000,T1,"NSE records SPLIT/BONUS factor 0.06667, partly applied; ours moved 0.2191"
RAYMOND,2025-05-28,0.400000,T2,Kite moved 0.9771; ours 0.3958
RELAXO,2015-07-01,0.500000,T1,NSE records SPLIT/BONUS factor 0.5; ours moved 0.5145
REPL,2025-04-28,0.600000,T2,Kite moved 1.0360; ours 0.6036
RESURGERE,2010-09-15,0.125000,T1,"NSE records SPLIT/BONUS factor 0.03333, partly applied; ours moved 0.1217"
RICOAUTO,2005-03-11,0.100000,T2,Kite moved 1.0016; ours 0.1002
ROSSELLIND,2025-04-01,0.600000,T2,Kite moved 1.1392; ours 0.6081
RSWM,2022-12-16,0.600000,T2,Kite moved 0.9470; ours 0.6070
S&SPOWER,2022-09-14,0.500000,T2,Kite moved 0.9510; ours 0.4993
SADBHAV,2020-05-26,0.600000,T2,Kite moved 0.9545; ours 0.6043
SADBHAV,2023-02-28,0.600000,T2,Kite moved 0.9954; ours 0.6089
SANGHVIMOV,2014-08-06,2.500000,T2,Kite moved 0.9830; ours 2.5039
SAREGAMA,2021-09-13,1.666667,T2,Kite moved 1.0493; ours 1.6517
SEMAC,2025-06-17,0.400000,T2,Kite moved 1.0043; ours 0.4024
SERVOTECH,2023-05-23,2.000000,T2,Kite moved 0.9528; ours 2.0274
SGIL,2023-12-04,1.500000,T2,Kite moved 1.0280; ours 1.5110
SHAKTIPUMP,2024-05-13,1.500000,T2,Kite moved 1.0409; ours 1.4992
SHANTI,2025-09-09,0.500000,T2,Kite moved 0.9554; ours 0.5070
SHARONBIO,2014-02-20,0.250000,T1,"NSE records SPLIT/BONUS factor 0.1, partly applied; ours moved 0.2399"
SHRENUJ,2014-07-15,0.500000,T1,NSE records SPLIT/BONUS factor 0.5; ours moved 0.5358
SHYAMCENT,2018-02-07,0.600000,T2,Kite moved 0.9949; ours 0.6000
SHYAMTEL,2022-12-06,0.600000,T2,Kite moved 0.9789; ours 0.5981
SHYAMTEL,2025-04-28,0.600000,T2,Kite moved 0.9969; ours 0.6068
SKMEGGPROD,2025-11-03,1.666667,T2,Kite moved 1.0254; ours 1.6647
SOLARINDS,2016-07-13,0.200000,T2,Kite moved 1.0006; ours 0.2001
SOMATEX,2018-07-24,0.600000,T2,Kite moved 1.0440; ours 0.6036
SPLIL,2013-11-29,1.500000,T2,Kite moved 0.9625; ours 1.5098
STER,2010-06-21,0.500000,T1,"NSE records SPLIT/BONUS factor 0.25, partly applied; ours moved 0.5392"
SUDARSCHEM,2014-09-30,0.200000,T1,"NSE records SPLIT/BONUS factor 0.1, partly applied; ours moved 0.1944"
SUNDARAM,2022-03-29,1.500000,T2,Kite moved 0.9577; ours 1.5111
SUNDRMBRAK,2025-03-25,0.600000,T2,Kite moved 1.0253; ours 0.6019
SUNILHITEC,2016-12-01,0.100000,T1,"NSE records SPLIT/BONUS factor 0.05, partly applied; ours moved 0.1051"
SUNTV,2007-07-23,0.250000,T2,Kite moved 0.9930; ours 0.2482
SURYALAXMI,2005-10-10,0.500000,T2,Kite moved 1.0104; ours 0.5052
SURYALAXMI,2014-08-06,1.500000,T2,Kite moved 1.0480; ours 1.4794
TAJGVK,2005-10-10,0.200000,T2,Kite moved 0.9902; ours 0.1980
TAKE,2026-06-17,1.666667,T2,Kite moved 1.0020; ours 1.6691
TCI,2016-09-12,0.500000,T2,Kite moved 0.9593; ours 0.4996
TCIFINANCE,2014-03-03,0.600000,T2,Kite moved 0.9977; ours 0.6025
TCS,2018-05-31,0.500000,T1,NSE records SPLIT/BONUS factor 0.5; ours moved 0.4954
TECHM,2015-03-19,0.500000,T1,"NSE records SPLIT/BONUS factor 0.25, partly applied; ours moved 0.4907"
TGBHOTELS,2021-07-20,1.500000,T2,Kite moved 0.9943; ours 1.5043
THOMASCOTT,2024-10-07,5.000000,T2,Kite moved 0.9506; ours 4.9816
TITAN,2011-06-23,0.100000,T1,"NSE records SPLIT/BONUS factor 0.05, partly applied; ours moved 0.1067"
TRIVENI,2011-05-03,0.400000,T2,Kite moved 1.0000; ours 0.4004
TVSSRICHAK,2009-11-20,1.666667,T2,Kite moved 1.0139; ours 1.6750
UNICHEMLAB,2010-10-21,0.400000,T1,NSE records SPLIT/BONUS factor 0.4; ours moved 0.4166
UNIENTER,2011-03-07,0.500000,T2,Kite moved 0.9662; ours 0.4928
UNITEDPOLY,2026-02-16,0.600000,T2,Kite moved 0.9621; ours 0.5923
VINYLINDIA,2014-06-13,1.500000,T2,Kite moved 1.0000; ours 1.4953
VISHNU,2022-06-20,1.500000,T2,Kite moved 1.0013; ours 1.5123
WEBELSOLAR,2017-05-30,1.666667,T2,Kite moved 0.9843; ours 1.6519
WIPRO,2005-08-22,0.500000,T2,Kite moved 1.0073; ours 0.5035
WIPRO,2010-06-15,0.600000,T1,NSE records SPLIT/BONUS factor 0.6; ours moved 0.6055
WSI,2021-08-10,0.600000,T2,Kite moved 1.0488; ours 0.6014
ZENSARTECH,2010-07-21,0.500000,T1,NSE records SPLIT/BONUS factor 0.5; ours moved 0.4991
ZODIACLOTH,2005-10-24,0.500000,T2,Kite moved 0.9943; ours 0.4972
